{
  "version": 1,
  "author": "Anonymous maker",
  "editor": "wokwi",
  "parts": [
    { "type": "wokwi-arduino-uno", "id": "uno", "top": 67.8, "left": -39, "attrs": {} },
    { "type": "wokwi-led", "id": "led1", "top": -99.6, "left": 42.2, "attrs": { "color": "red" } },
    {
      "type": "wokwi-resistor",
      "id": "r1",
      "top": -24,
      "left": 47.45,
      "rotate": 90,
      "attrs": { "value": "1000" }
    },
    { "type": "wokwi-led", "id": "led2", "top": -99.6, "left": 119, "attrs": { "color": "red" } },
    {
      "type": "wokwi-led",
      "id": "led3",
      "top": -99.6,
      "left": 176.6,
      "attrs": { "color": "red" }
    },
    {
      "type": "wokwi-resistor",
      "id": "r2",
      "top": -14.4,
      "left": 124.25,
      "rotate": 90,
      "attrs": { "value": "1000" }
    },
    {
      "type": "wokwi-resistor",
      "id": "r3",
      "top": -14.4,
      "left": 181.85,
      "rotate": 90,
      "attrs": { "value": "1000" }
    },
    {
      "type": "wokwi-pushbutton",
      "id": "btn1",
      "top": -115.8,
      "left": 300.6,
      "rotate": 90,
      "attrs": { "color": "green" }
    },
    {
      "type": "wokwi-pushbutton",
      "id": "btn2",
      "top": -32.2,
      "left": 355.2,
      "rotate": 90,
      "attrs": { "color": "green" }
    }
  ],
  "connections": [
    [ "led1:C", "uno:GND.1", "green", [ "v105.6", "h10" ] ],
    [ "r1:2", "uno:1", "green", [ "h0" ] ],
    [ "led1:A", "r1:1", "green", [ "v0" ] ],
    [ "led2:C", "uno:GND.1", "green", [ "v86.4", "h-66.8" ] ],
    [ "led3:C", "uno:GND.1", "green", [ "v76.8", "h-114.8" ] ],
    [ "led3:A", "r3:1", "green", [ "v0" ] ],
    [ "led2:A", "r2:1", "green", [ "v0" ] ],
    [ "r2:2", "uno:2", "green", [ "h0", "v27.6", "h38.4" ] ],
    [ "r3:2", "uno:3", "green", [ "h9.6", "v18", "h-38.4" ] ],
    [ "btn1:1.r", "uno:GND.2", "green", [ "v339", "h-208.2" ] ],
    [ "btn1:2.r", "uno:4", "green", [ "v118.2", "h-150.8" ] ],
    [ "btn2:2.r", "uno:5", "green", [ "v31.8", "h-208.4" ] ],
    [ "btn2:1.r", "uno:GND.3", "green", [ "v262.2", "h-265.8" ] ]
  ],
  "dependencies": {}
}