{
  "version": 1,
  "author": "Anonymous maker",
  "editor": "wokwi",
  "parts": [
    { "type": "wokwi-arduino-uno", "id": "uno", "top": 77.4, "left": 85.8, "attrs": {} },
    {
      "type": "wokwi-7segment",
      "id": "sevseg1",
      "top": -158.22,
      "left": 24.28,
      "attrs": { "common": "cathode" }
    },
    {
      "type": "wokwi-7segment",
      "id": "sevseg2",
      "top": -158.22,
      "left": 72.28,
      "attrs": { "common": "cathode" }
    },
    {
      "type": "wokwi-resistor",
      "id": "r1",
      "top": 23.45,
      "left": 123.4,
      "rotate": 180,
      "attrs": { "value": "220" }
    },
    {
      "type": "wokwi-resistor",
      "id": "r2",
      "top": 24,
      "left": 191.45,
      "rotate": 90,
      "attrs": { "value": "220" }
    },
    {
      "type": "wokwi-resistor",
      "id": "r3",
      "top": 24,
      "left": 268.25,
      "rotate": 90,
      "attrs": { "value": "220" }
    },
    {
      "type": "wokwi-resistor",
      "id": "r4",
      "top": 24,
      "left": 220.25,
      "rotate": 90,
      "attrs": { "value": "220" }
    },
    {
      "type": "wokwi-resistor",
      "id": "r5",
      "top": 24,
      "left": 210.65,
      "rotate": 90,
      "attrs": { "value": "220" }
    },
    {
      "type": "wokwi-resistor",
      "id": "r6",
      "top": 24,
      "left": 201.05,
      "rotate": 90,
      "attrs": { "value": "220" }
    },
    {
      "type": "wokwi-resistor",
      "id": "r7",
      "top": 24,
      "left": 181.85,
      "rotate": 90,
      "attrs": { "value": "220" }
    },
    {
      "type": "wokwi-resistor",
      "id": "r8",
      "top": 24,
      "left": 287.45,
      "rotate": 90,
      "attrs": { "value": "220" }
    },
    {
      "type": "wokwi-resistor",
      "id": "r9",
      "top": 24,
      "left": 277.85,
      "rotate": 90,
      "attrs": { "value": "220" }
    },
    {
      "type": "wokwi-resistor",
      "id": "r11",
      "top": 24,
      "left": 249.05,
      "rotate": 90,
      "attrs": { "value": "220" }
    },
    {
      "type": "wokwi-resistor",
      "id": "r12",
      "top": 24,
      "left": 258.65,
      "rotate": 90,
      "attrs": { "value": "220" }
    },
    {
      "type": "wokwi-resistor",
      "id": "r13",
      "top": 24,
      "left": 229.85,
      "rotate": 90,
      "attrs": { "value": "220" }
    },
    {
      "type": "wokwi-resistor",
      "id": "r14",
      "top": 24,
      "left": 297.05,
      "rotate": 90,
      "attrs": { "value": "220" }
    },
    {
      "type": "wokwi-resistor",
      "id": "r10",
      "top": 321.6,
      "left": 277.85,
      "rotate": 90,
      "attrs": { "value": "220" }
    },
    {
      "type": "wokwi-resistor",
      "id": "r15",
      "top": 321.6,
      "left": 258.65,
      "rotate": 90,
      "attrs": { "value": "220" }
    },
    {
      "type": "wokwi-resistor",
      "id": "r16",
      "top": 320.75,
      "left": 153.6,
      "attrs": { "value": "220" }
    },
    {
      "type": "wokwi-pushbutton",
      "id": "btn1",
      "top": 399.8,
      "left": 393.6,
      "attrs": { "color": "green" }
    }
  ],
  "connections": [
    [ "sevseg1:G", "r13:1", "blue", [ "v-8.76", "h201.6" ] ],
    [ "sevseg1:F", "r11:1", "violet", [ "v-18.36", "h220.8" ] ],
    [ "r13:2", "uno:8", "blue", [ "h0" ] ],
    [ "r11:2", "uno:7", "violet", [ "h0" ] ],
    [ "sevseg1:A", "r14:1", "limegreen", [ "v-27.96", "h249.6" ] ],
    [ "r14:2", "uno:2", "limegreen", [ "h0" ] ],
    [ "sevseg1:B", "r8:1", "magenta", [ "v-47.16", "h249.6" ] ],
    [ "r8:2", "uno:3", "magenta", [ "h0" ] ],
    [ "sevseg2:G", "r10:2", "yellow", [ "v-56.76", "h316.8", "v566.4", "h-86.4" ] ],
    [ "r10:1", "uno:A1", "yellow", [ "h0" ] ],
    [ "r15:1", "uno:A0", "cyan", [ "h0" ] ],
    [ "r15:2", "sevseg2:F", "cyan", [ "v8.4", "h144", "v-556.8", "h-345.6" ] ],
    [ "sevseg2:B", "r5:1", "gold", [ "v-95.16", "h115.2" ] ],
    [ "r5:2", "uno:10", "orange", [ "h0" ] ],
    [ "sevseg2:A", "r4:1", "green", [ "v-75.96", "h134.4" ] ],
    [ "r4:2", "uno:9", "green", [ "h0" ] ],
    [ "sevseg1:E", "r12:1", "gray", [ "v9.6", "h249.6" ] ],
    [ "sevseg1:D", "r3:1", "white", [ "v19.2", "h249.6" ] ],
    [ "r12:2", "uno:6", "gray", [ "h0" ] ],
    [ "r3:2", "uno:5", "white", [ "h0" ] ],
    [ "sevseg1:COM.1", "r1:2", "black", [ "h0", "v86.4" ] ],
    [ "r1:1", "uno:GND.1", "black", [ "v0", "h9.6" ] ],
    [ "sevseg1:C", "r9:1", "purple", [ "v28.8", "h240" ] ],
    [ "r9:2", "uno:4", "purple", [ "h0" ] ],
    [ "sevseg2:E", "r7:1", "gray", [ "v38.4", "h124.8" ] ],
    [ "sevseg2:D", "r2:1", "white", [ "v48", "h124.8" ] ],
    [ "sevseg2:COM.1", "r16:1", "black", [ "h0", "v124.8", "h-48", "v259.2", "h19.2" ] ],
    [ "r16:2", "uno:GND.3", "black", [ "v0", "h56.4" ] ],
    [ "sevseg2:C", "r6:1", "#8f4814", [ "v57.6", "h124.8" ] ],
    [ "r7:2", "uno:13", "gray", [ "h0" ] ],
    [ "r2:2", "uno:12", "white", [ "h0" ] ],
    [ "r6:2", "uno:11", "#8f4814", [ "h0" ] ],
    [ "btn1:1.l", "uno:5V", "red", [ "h0" ] ],
    [ "btn1:2.l", "uno:A2", "purple", [ "h0" ] ],
    [ "btn1:2.r", "uno:GND.2", "black", [ "h19.4", "v-47.8", "h-220.8" ] ]
  ],
  "dependencies": {}
}